id,measurementID,measurementType,measurementValue,measurementUnit
30CEF04C-0772-4959-A5D8-022EDD75A0E9,67326,Perpendicular distance from transect line as reported by the field worker,73,m
8C5BCAE7-FE8C-4D97-BCFE-026499162D68,84917,Perpendicular distance from transect line as reported by the field worker,45,m
8B4895DA-57F7-401A-BD31-03486F5ADA5B,67345,Perpendicular distance from transect line as reported by the field worker,104,m
7E9E90CC-5EA9-43DF-815B-0444397CCE2C,33234,Perpendicular distance from transect line as reported by the field worker,54,m
6DA38E91-315C-4D3C-877D-045CAFDB54AA,36073,Perpendicular distance from transect line as reported by the field worker,208,m
281EEACD-9508-4F0F-B5A3-0552C90051FA,76513,Perpendicular distance from transect line as reported by the field worker,96,m
A73350BF-AF48-467E-A147-05612055FBC3,49318,Perpendicular distance from transect line as reported by the field worker,120,m
4C02895D-BB53-49C3-9031-0624530CE04F,68174,Perpendicular distance from transect line as reported by the field worker,153,m
F90885D2-E0CD-44B5-8660-062CCC8F67D5,67342,Perpendicular distance from transect line as reported by the field worker,0,m
3DFFE83C-76CD-46DA-A255-07600B2F8014,67251,Perpendicular distance from transect line as reported by the field worker,48,m
EFF3DEF1-3A22-4280-BFF7-07CC89159103,68173,Perpendicular distance from transect line as reported by the field worker,100,m
637BDFC4-750D-4A96-92AC-08D539A1FBF8,84540,Perpendicular distance from transect line as reported by the field worker,16,m
04C23E39-B0E9-494A-B641-08EA1D2DB185,76723,Perpendicular distance from transect line as reported by the field worker,15,m
C838F360-3072-45C0-87FB-08F7595AD402,80145,Perpendicular distance from transect line as reported by the field worker,56,m
9BA8AB18-E554-4B15-AD02-09614B7534DB,76957,Perpendicular distance from transect line as reported by the field worker,17,m
F523C005-FD80-4303-9E33-097B4EF5912B,48736,Perpendicular distance from transect line as reported by the field worker,84,m
8939A97E-79BD-4DF3-81C3-098A07398D60,67248,Perpendicular distance from transect line as reported by the field worker,11,m
766FD224-57C9-435A-867E-0A5C9FFCE737,48730,Perpendicular distance from transect line as reported by the field worker,6,m
3D610630-D651-4017-A7B4-0B5ED7B80C71,76774,Perpendicular distance from transect line as reported by the field worker,11,m
FD6700FB-00CC-4D1A-9C93-0BBA3B807F9C,67282,Perpendicular distance from transect line as reported by the field worker,36,m
C6E37E64-B820-4704-B896-0C461168DD95,48747,Perpendicular distance from transect line as reported by the field worker,1,m
8F02753F-9E53-4B3B-8F59-0C5F0AABEEF4,48745,Perpendicular distance from transect line as reported by the field worker,69,m
AE622543-39CC-4FC6-A928-0D99C7A9A6A6,36071,Perpendicular distance from transect line as reported by the field worker,111,m
8A122762-0390-4CCE-AC7E-0EB93C1DCB08,79706,Perpendicular distance from transect line as reported by the field worker,102,m
15D2A373-1B9B-4719-A2F5-0EF9BB76D583,36663,Perpendicular distance from transect line as reported by the field worker,13,m
B5F25277-811A-45BF-A478-0F4CBF14F2AF,76563,Perpendicular distance from transect line as reported by the field worker,32,m
DF2425D3-3A19-4EA4-96F6-100FEE7D16CE,84919,Perpendicular distance from transect line as reported by the field worker,37,m
FA371891-A8AC-41A7-8110-101BBD54C996,36078,Perpendicular distance from transect line as reported by the field worker,75,m
11C82E72-730C-4523-A227-10268CB32AF2,67299,Perpendicular distance from transect line as reported by the field worker,174,m
F4E4A729-D0B2-4CB2-A691-11307DA0BB15,86340,Perpendicular distance from transect line as reported by the field worker,200,m
D06119C0-BCDF-4745-A25C-11B6A98ABCA7,31906,Perpendicular distance from transect line as reported by the field worker,138,m
F27725CC-25C1-4B27-ADA3-11EB1A4C36DA,67230,Perpendicular distance from transect line as reported by the field worker,50,m
697E61A2-9C5B-4CDC-A4CF-12052938B62F,87906,Perpendicular distance from transect line as reported by the field worker,6,m
9A138638-3C0B-4C15-9701-122717157690,48857,Perpendicular distance from transect line as reported by the field worker,104,m
60E787CA-C1BC-4734-8459-12BA0CE87CED,51265,Perpendicular distance from transect line as reported by the field worker,350,m
B23FE504-56D2-4556-A96F-12CFAD5C8ABC,48733,Perpendicular distance from transect line as reported by the field worker,42,m
8D20FE7D-8F3E-486A-ABD8-12F876ED533B,68177,Perpendicular distance from transect line as reported by the field worker,264,m
AD6F5963-363C-4167-B445-132FDD2E6E2F,33777,Perpendicular distance from transect line as reported by the field worker,0,m
DFA777A0-6318-4634-976E-133A8F4F4C63,67240,Perpendicular distance from transect line as reported by the field worker,10,m
7CA30CCE-F105-4E31-AA7F-135AA2574E59,67280,Perpendicular distance from transect line as reported by the field worker,29,m
64C17E55-CF22-4722-A2DB-13D10E878A74,49384,Perpendicular distance from transect line as reported by the field worker,44,m
2585240C-C850-4441-9A65-152B31E1C2D8,83137,Perpendicular distance from transect line as reported by the field worker,63,m
5BE430AF-B163-4D2B-83D6-15BE61C0C520,49385,Perpendicular distance from transect line as reported by the field worker,77,m
D28C9C51-7715-4BC4-A9B4-15C5A41470AD,40069,Perpendicular distance from transect line as reported by the field worker,4,m
EC844F1B-A264-4F34-8325-16853B1A5307,83130,Perpendicular distance from transect line as reported by the field worker,21,m
164CDC62-1E57-4D55-B194-16AAF17A6391,87910,Perpendicular distance from transect line as reported by the field worker,99,m
29ABE753-BE86-423C-819D-177B0D5AE05E,67246,Perpendicular distance from transect line as reported by the field worker,110,m
0D756DC2-5D6C-4639-BE96-177DEE19900B,83119,Perpendicular distance from transect line as reported by the field worker,54,m
16C74123-6B0E-4736-97E4-19E324F55B5E,70100,Perpendicular distance from transect line as reported by the field worker,71,m
7675083A-C61D-418E-B5C5-19F342F7897C,48746,Perpendicular distance from transect line as reported by the field worker,0,m
CAED99F9-8C1E-4671-B98E-1A1BFA64C50D,69640,Perpendicular distance from transect line as reported by the field worker,115,m
B1816ECF-E7A1-49C9-9E70-1A5C50C4E7F3,48735,Perpendicular distance from transect line as reported by the field worker,95,m
CDD222B4-45F6-4C35-90DC-1A990EA2C3F9,67315,Perpendicular distance from transect line as reported by the field worker,79,m
DA6FC37A-7537-403C-AEA8-1B0707F0C8D4,32440,Perpendicular distance from transect line as reported by the field worker,14,m
3C24360B-DA12-4BBB-83BC-1B6FF876EE5B,67254,Perpendicular distance from transect line as reported by the field worker,53,m
2B133FBD-6392-4F23-BCAD-1B937592CBE8,67434,Perpendicular distance from transect line as reported by the field worker,30,m
E5FD19AF-5071-46F1-8FCF-1BAE50C311C1,70097,Perpendicular distance from transect line as reported by the field worker,109,m
F29ED429-ABD6-41BA-8828-1BD6B2B8F094,67320,Perpendicular distance from transect line as reported by the field worker,75,m
232A85E4-F804-4F8A-AD19-1BD6E0843A5A,91353,Perpendicular distance from transect line as reported by the field worker,14,m
DE4C08BD-DB20-4624-9E56-1C26D1A0126F,36079,Perpendicular distance from transect line as reported by the field worker,66,m
B155F44D-0B54-4824-87B7-1CE3374A855D,67244,Perpendicular distance from transect line as reported by the field worker,2,m
48575680-047C-4A43-B53E-1CEFDF93D03E,67319,Perpendicular distance from transect line as reported by the field worker,28,m
81E63CFD-CB2A-4C57-A5B7-1E1BB70EE9C3,48610,Perpendicular distance from transect line as reported by the field worker,47,m
63948AB8-6604-4181-8482-1EF0FA0D1716,36657,Perpendicular distance from transect line as reported by the field worker,228,m
DA44AFF3-C913-476B-9FCE-1F4FD4A3E844,31443,Perpendicular distance from transect line as reported by the field worker,1,m
B4D13953-2062-47E1-9474-1FBB764FCEC7,40056,Perpendicular distance from transect line as reported by the field worker,211,m
5053AB7F-D9E5-49D9-926B-1FD921E3AE4F,91349,Perpendicular distance from transect line as reported by the field worker,15,m
F7DC4C23-B759-4837-99BB-1FFF3C0C57F3,67317,Perpendicular distance from transect line as reported by the field worker,26,m
5495E0B9-689D-4D5D-889C-2046D2A2083E,67433,Perpendicular distance from transect line as reported by the field worker,10,m
99128EEC-5356-4295-B94F-20701836B3B6,48739,Perpendicular distance from transect line as reported by the field worker,206,m
3D0F1427-17AA-43A2-B6A9-2112244CFC12,76954,Perpendicular distance from transect line as reported by the field worker,80,m
2547E521-E46A-4A0B-BD4C-212714A6C4BE,49380,Perpendicular distance from transect line as reported by the field worker,61,m
F7973E36-C7B9-408C-8056-22E5BC056076,68418,Perpendicular distance from transect line as reported by the field worker,54,m
E8F4CE34-073E-475F-BFFF-23460E98BEAA,76689,Perpendicular distance from transect line as reported by the field worker,26,m
6971B758-DF67-4AE8-8952-23611A9A135A,87907,Perpendicular distance from transect line as reported by the field worker,32,m
601FCDE9-83E3-4F66-AD22-238258ACA7BE,83142,Perpendicular distance from transect line as reported by the field worker,10,m
77BBF9B5-5629-4340-8969-23C2480EE251,48606,Perpendicular distance from transect line as reported by the field worker,12,m
28C58171-2749-4BDE-AE6D-23D1464DE741,76360,Perpendicular distance from transect line as reported by the field worker,15,m
AAFA7DE4-C061-4626-BCB0-2535AC25FA66,83120,Perpendicular distance from transect line as reported by the field worker,104,m
7D768948-97C2-4FE6-9204-255D4937DD80,67572,Perpendicular distance from transect line as reported by the field worker,52,m
96C8BB90-6ED5-4847-B3AD-26113611762C,36667,Perpendicular distance from transect line as reported by the field worker,81,m
2F7579D2-40B9-4A45-8C7D-263B9577EA3B,36664,Perpendicular distance from transect line as reported by the field worker,23,m
294689E0-D28F-4144-8470-263DD8C296BD,84541,Perpendicular distance from transect line as reported by the field worker,17,m
B79875BB-6B7D-4D5E-9FC8-27390334802B,76683,Perpendicular distance from transect line as reported by the field worker,0,m
C7EB8280-C1B4-46A3-902E-2856B875ACBE,87909,Perpendicular distance from transect line as reported by the field worker,152,m
7E883B22-761F-448A-90C7-28A1D94D874E,67288,Perpendicular distance from transect line as reported by the field worker,188,m
AB5A4B39-5A93-4CB8-823A-28C4328F6423,31900,Perpendicular distance from transect line as reported by the field worker,100,m
694AF654-0E55-4A02-A45D-2900806C02D6,67298,Perpendicular distance from transect line as reported by the field worker,140,m
73955E8E-51E8-4062-BE1C-2994C490D8D0,76404,Perpendicular distance from transect line as reported by the field worker,8,m
43834CA5-327F-4600-9A9B-29A6C78D2D92,76694,Perpendicular distance from transect line as reported by the field worker,95,m
23FBBC7D-F440-4664-970D-2A444A9FDA16,83132,Perpendicular distance from transect line as reported by the field worker,9,m
952AA745-4530-42AF-BBD8-2B7B038250D0,83136,Perpendicular distance from transect line as reported by the field worker,29,m
ABEE0139-667F-455E-B9B8-2CAAD5B48AB0,31441,Perpendicular distance from transect line as reported by the field worker,119,m
4BDE6C61-EFCA-4BC6-92A2-2CB3CBA3E411,33236,Perpendicular distance from transect line as reported by the field worker,133,m
765D471B-7D87-4D06-9D4B-2E73715C5C08,48738,Perpendicular distance from transect line as reported by the field worker,62,m
15841F46-FD3A-433C-ACA9-2E81E38E6483,70093,Perpendicular distance from transect line as reported by the field worker,135,m
88378EFD-F4AA-4FE8-85B1-2ED4415C6775,33778,Perpendicular distance from transect line as reported by the field worker,0,m
0B7E9299-E687-46E6-A5F2-2F1CCA9931A1,36077,Perpendicular distance from transect line as reported by the field worker,41,m
03518D29-F7CB-41EA-95DB-2FA09F0A88FF,76676,Perpendicular distance from transect line as reported by the field worker,25,m
8497981F-8D18-4215-98C2-3033CF08EE88,67301,Perpendicular distance from transect line as reported by the field worker,175,m
2E818B91-5403-40C4-894D-303D0CB03C96,76372,Perpendicular distance from transect line as reported by the field worker,99,m
38F2F068-47E4-4E2D-89C0-30483866F7E3,32871,Perpendicular distance from transect line as reported by the field worker,87,m
ED67F91F-1653-4430-9F8C-304DAB32B9F0,36668,Perpendicular distance from transect line as reported by the field worker,86,m
663095ED-2FBE-4F5D-8226-30A8C010358E,91346,Perpendicular distance from transect line as reported by the field worker,0,m
7E777490-E13C-4ECA-BEF7-314E81ED9E3C,68455,Perpendicular distance from transect line as reported by the field worker,117,m
51029D13-8E85-4A84-B5F8-317A3A2F92AC,36072,Perpendicular distance from transect line as reported by the field worker,55,m
C091E45F-660A-4F75-96CC-31F844B8ACB6,36070,Perpendicular distance from transect line as reported by the field worker,156,m
4F56F287-39BB-49AC-8327-3200162BB50D,48724,Perpendicular distance from transect line as reported by the field worker,152,m
943D8345-6E07-4EE4-A826-322C7E9E3996,76367,Perpendicular distance from transect line as reported by the field worker,62,m
413E8DC8-A1BF-4DFD-97BF-3385B658C7B0,76948,Perpendicular distance from transect line as reported by the field worker,43,m
11FE6EF4-3BEB-485D-95DE-340F2D5CA2DA,68179,Perpendicular distance from transect line as reported by the field worker,146,m
7D43854E-852F-4F43-92DC-35182D706A94,67228,Perpendicular distance from transect line as reported by the field worker,78,m
6F5BD5C2-B0DA-4272-9E57-35CF3754B8BF,33771,Perpendicular distance from transect line as reported by the field worker,18,m
683354F9-DD87-4E83-B7B4-366F95D75722,67344,Perpendicular distance from transect line as reported by the field worker,206,m
7D23F5A5-409F-4923-8AAF-37010A6A00F5,84918,Perpendicular distance from transect line as reported by the field worker,5,m
D094ECEA-E695-47CA-84A4-371973412ED3,33217,Perpendicular distance from transect line as reported by the field worker,0,m
59D57C6B-8F60-4E2F-930B-376D7DA5B9B6,76675,Perpendicular distance from transect line as reported by the field worker,0,m
34320434-3013-4837-B200-37E2914EA1D5,83121,Perpendicular distance from transect line as reported by the field worker,6,m
050CC7FA-4FA7-4D91-A12F-383B39FB7FAA,83141,Perpendicular distance from transect line as reported by the field worker,22,m
0A353C31-0EA6-45CD-8487-385649755622,76514,Perpendicular distance from transect line as reported by the field worker,2,m
C3250D71-2249-461D-B9FB-3942D9BFD5B0,68182,Perpendicular distance from transect line as reported by the field worker,4,m
7BAECE9E-7B76-47FA-875B-39FE144CDA2B,91354,Perpendicular distance from transect line as reported by the field worker,23,m
B2F1CC21-CEE9-43F3-BA35-3A09E04EEAE8,76357,Perpendicular distance from transect line as reported by the field worker,31,m
936C231F-23C6-4452-9CF3-3AD91B9CE37E,48741,Perpendicular distance from transect line as reported by the field worker,46,m
23D90EE9-499D-4C36-BF3C-3BB5C6B4C695,31912,Perpendicular distance from transect line as reported by the field worker,15,m
7508C3FC-5D14-4ABA-8C6F-3D400848221F,86574,Perpendicular distance from transect line as reported by the field worker,1,m
D7FEF687-FC66-4547-B08F-3D513F407E6B,51279,Perpendicular distance from transect line as reported by the field worker,82,m
599804E4-4725-4181-ACFD-3D6373003BDF,49387,Perpendicular distance from transect line as reported by the field worker,0,m
B9841890-DA11-4220-A184-3E7A730FB51F,51267,Perpendicular distance from transect line as reported by the field worker,350,m
1D1F821E-2175-4CC3-8F2A-3F85119AB629,31682,Perpendicular distance from transect line as reported by the field worker,20,m
F503C358-50C1-401E-8D02-3FCA9B20B191,76691,Perpendicular distance from transect line as reported by the field worker,0,m
8680C4EC-B21E-44A5-8B64-4084F94B6B03,67242,Perpendicular distance from transect line as reported by the field worker,68,m
E8F38BCB-0A01-40C3-A4A2-4246B41C3426,40084,Perpendicular distance from transect line as reported by the field worker,26,m
9A564550-6EED-4C1F-9F00-4261EDC2F27D,48749,Perpendicular distance from transect line as reported by the field worker,56,m
19DF7421-B696-4CA7-A70A-429B5FA29FF1,36258,Perpendicular distance from transect line as reported by the field worker,350,m
8F9D08CE-5D14-458B-B946-431140E85A68,84542,Perpendicular distance from transect line as reported by the field worker,138,m
46077447-19FB-45FA-A181-4397A71525BC,68181,Perpendicular distance from transect line as reported by the field worker,24,m
C0AAD065-BD48-40D7-A8D1-457248BA4ED8,86859,Perpendicular distance from transect line as reported by the field worker,12,m
9FD259D7-B65A-4F5D-A82C-45CBB3E0A0F0,31890,Perpendicular distance from transect line as reported by the field worker,30,m
13A5B3AE-1AF4-4657-A14E-469B5AB65C08,67232,Perpendicular distance from transect line as reported by the field worker,15,m
2513BBEA-B036-4BDA-BFE2-48338C19AA5B,70095,Perpendicular distance from transect line as reported by the field worker,252,m
C4528CBE-AB70-4BAD-B985-48567FFE59A0,76358,Perpendicular distance from transect line as reported by the field worker,25,m
6E64D96C-C16E-41AF-AA16-48CAFC6224E9,86345,Perpendicular distance from transect line as reported by the field worker,209,m
D300CA27-4A9E-427F-8CC9-4905BFE70CB5,90552,Perpendicular distance from transect line as reported by the field worker,41,m
2649D6B6-E428-417F-8F5D-49E1571BC331,76371,Perpendicular distance from transect line as reported by the field worker,28,m
00211DE0-51A5-44B3-9652-4AC3FC576FB4,31898,Perpendicular distance from transect line as reported by the field worker,17,m
5A6C4974-4404-439F-AF41-4AED2681DF94,36074,Perpendicular distance from transect line as reported by the field worker,12,m
8BC7106C-AD32-4955-BF27-4BB9D13755DC,40055,Perpendicular distance from transect line as reported by the field worker,129,m
E100F357-C0E9-4054-A22B-4CEEE4867F3D,67318,Perpendicular distance from transect line as reported by the field worker,38,m
F208440B-EF3E-48C2-B9A1-4FC74709F9C6,76370,Perpendicular distance from transect line as reported by the field worker,37,m
D7602BF8-8F47-4B72-813D-4FE63B80B28B,67243,Perpendicular distance from transect line as reported by the field worker,58,m
AD91E6ED-A76E-456A-AD32-509DB8FBC8C6,67295,Perpendicular distance from transect line as reported by the field worker,63,m
31AB5894-3C43-4CA7-9382-50A19BFD6DF4,51245,Perpendicular distance from transect line as reported by the field worker,180,m
37E5B3E2-571C-467D-B88A-50BDCC37C65D,76702,Perpendicular distance from transect line as reported by the field worker,51,m
0D4F4AE3-F796-4FEA-9652-50CCDF0B06A8,48587,Perpendicular distance from transect line as reported by the field worker,7,m
0EC0C840-D062-4B88-891A-510A5B6FAC3F,68459,Perpendicular distance from transect line as reported by the field worker,350,m
2139FD53-E4A1-4DBD-B254-512B493D38DC,36080,Perpendicular distance from transect line as reported by the field worker,148,m
FFBB0561-AA27-470D-AAA0-51C97F3653F7,31896,Perpendicular distance from transect line as reported by the field worker,347,m
563899B7-80C1-4508-99E6-525E6DEC4727,76952,Perpendicular distance from transect line as reported by the field worker,71,m
0C2D8A1B-B3EA-4811-A671-52AD7CF58B1D,48607,Perpendicular distance from transect line as reported by the field worker,188,m
F60C9DDC-E0C7-4E38-8F3C-535E6D8D6B56,76690,Perpendicular distance from transect line as reported by the field worker,30,m
8B837007-A853-46DA-9DF5-54A43F1BCFE7,76958,Perpendicular distance from transect line as reported by the field worker,4,m
F10B90FA-9F12-4A16-9D7A-54E440F5182E,76769,Perpendicular distance from transect line as reported by the field worker,81,m
1C2DABBD-D46B-48D1-8711-55F057F88754,67249,Perpendicular distance from transect line as reported by the field worker,1,m
2714A5E1-7CD2-436C-809E-5697A01CAC0A,76771,Perpendicular distance from transect line as reported by the field worker,97,m
9D61C2F0-1A8C-4DFA-B59D-56FB6B9B8180,68175,Perpendicular distance from transect line as reported by the field worker,96,m
0010EBB6-D9A4-4DDF-93F0-5763E7F7D1B6,86341,Perpendicular distance from transect line as reported by the field worker,3,m
E5F528BB-41FA-4F85-A392-5769765D7578,67283,Perpendicular distance from transect line as reported by the field worker,31,m
5E78F878-D10E-4FE7-A084-57A8249A2248,86342,Perpendicular distance from transect line as reported by the field worker,123,m
844A6FCC-78B7-4A9E-96B4-58AF81105760,67236,Perpendicular distance from transect line as reported by the field worker,0,m
B622F4AA-9803-4AE1-87E6-59A7330E9AFA,76697,Perpendicular distance from transect line as reported by the field worker,33,m
8DB8B2EC-33B5-405B-929D-59C035BEE0A9,87477,Perpendicular distance from transect line as reported by the field worker,9,m
6335FC17-56D7-471A-8C91-5A89AA1D5AB2,87476,Perpendicular distance from transect line as reported by the field worker,169,m
582346A3-9A20-4806-8E35-5A975630717A,48725,Perpendicular distance from transect line as reported by the field worker,12,m
FDF3CD90-B8FB-4E36-A338-5BB71EC3A53A,91754,Perpendicular distance from transect line as reported by the field worker,6,m
89764FC9-070F-4676-AC11-5D4F186B74AE,48748,Perpendicular distance from transect line as reported by the field worker,46,m
ADC64AFF-EE61-4C05-9333-5E6A112F569D,84916,Perpendicular distance from transect line as reported by the field worker,112,m
D42F3BE9-1DBE-4D9E-8C7E-5FF7A04E0E72,31924,Perpendicular distance from transect line as reported by the field worker,64,m
51D2968E-204B-4EAF-A266-607AD7068BCE,31921,Perpendicular distance from transect line as reported by the field worker,10,m
40792BD6-0F1C-47B8-93C7-608312C49F39,80146,Perpendicular distance from transect line as reported by the field worker,15,m
262AED73-C3D5-44AD-A486-60AACB51310F,68180,Perpendicular distance from transect line as reported by the field worker,41,m
F9FA4A52-29B9-440F-9217-613E2E5F65B2,76369,Perpendicular distance from transect line as reported by the field worker,6,m
BDC6822B-5E38-46FD-B68B-61E42BE61F42,67231,Perpendicular distance from transect line as reported by the field worker,38,m
CA8F71E7-6494-4C65-936A-633ECE2E9303,67322,Perpendicular distance from transect line as reported by the field worker,4,m
5CAC81A5-D9E9-4373-94C1-6344F45DB435,36159,Perpendicular distance from transect line as reported by the field worker,80,m
BD11F755-59A5-4D18-B1BF-63522F5916A3,67275,Perpendicular distance from transect line as reported by the field worker,84,m
3B81D9BE-6B35-4211-BC5F-63EF24910ABB,70098,Perpendicular distance from transect line as reported by the field worker,0,m
9A022D44-96E3-41E0-881E-652FA75D14B7,87904,Perpendicular distance from transect line as reported by the field worker,172,m
D243FAA3-24BF-438D-8C23-6537218B731F,76713,Perpendicular distance from transect line as reported by the field worker,110,m
91C06DF0-5F2F-4494-AC75-65EBD6C105E1,76679,Perpendicular distance from transect line as reported by the field worker,0,m
AA77B057-5344-4FFC-A9EE-66BCAB0EEA17,76365,Perpendicular distance from transect line as reported by the field worker,115,m
BF911B34-5535-424C-BD93-687DF40C6489,48685,Perpendicular distance from transect line as reported by the field worker,80,m
075D2A75-E272-43AE-B346-6917007C97EF,48609,Perpendicular distance from transect line as reported by the field worker,92,m
F8590BB5-C9A3-46FB-84C6-691744D11D42,67304,Perpendicular distance from transect line as reported by the field worker,48,m
B4FB77C7-DD4C-401A-923A-6B8B84478862,48608,Perpendicular distance from transect line as reported by the field worker,46,m
9A3A6933-CC09-4EE2-932D-6C5DC0737E10,67276,Perpendicular distance from transect line as reported by the field worker,100,m
02F0EC9D-A86C-4571-A4A9-6D16D5B1B1A0,36157,Perpendicular distance from transect line as reported by the field worker,10,m
9D80AC64-2BF4-46B1-B29D-6E570AE88FE9,69641,Perpendicular distance from transect line as reported by the field worker,164,m
288CE246-9689-4215-8B30-6E7827D4DDD3,49390,Perpendicular distance from transect line as reported by the field worker,130,m
A265F662-449B-4640-8752-6ECFEAEBB0BA,91350,Perpendicular distance from transect line as reported by the field worker,16,m
A7AEA349-CFA2-4466-A786-6ED6DFB07D51,36666,Perpendicular distance from transect line as reported by the field worker,44,m
F5DB6830-1AA7-446A-9E5F-6F49F70EBDF6,48743,Perpendicular distance from transect line as reported by the field worker,18,m
5AD54BC7-C54D-4512-8C37-6F6CFE422415,40070,Perpendicular distance from transect line as reported by the field worker,61,m
5B86DF49-466F-4402-916E-6F88730C1178,67343,Perpendicular distance from transect line as reported by the field worker,100,m
D594836E-539F-445F-A94A-6FDDEBF3FE2E,76707,Perpendicular distance from transect line as reported by the field worker,124,m
D3F88B6B-CD6E-42F6-B2A8-702530E4F244,40054,Perpendicular distance from transect line as reported by the field worker,6,m
7D07FDC0-CD65-4B12-A64C-703D9DBA7C54,67255,Perpendicular distance from transect line as reported by the field worker,91,m
91DDF061-F56E-4D49-B9B7-7217C505EE17,31926,Perpendicular distance from transect line as reported by the field worker,65,m
D5DC65B0-7133-462B-9D5A-73A3C505A609,48740,Perpendicular distance from transect line as reported by the field worker,253,m
646E9A38-D9AE-4B9C-A431-747772DB52E1,76724,Perpendicular distance from transect line as reported by the field worker,30,m
82EB1838-8C02-46CC-94E1-767B9E227AE5,84920,Perpendicular distance from transect line as reported by the field worker,128,m
9FA3381D-D45D-4477-8921-77E9BBC2F389,76714,Perpendicular distance from transect line as reported by the field worker,90,m
63DC35CB-9AC5-4D18-AC7C-78E5F383C5BE,36068,Perpendicular distance from transect line as reported by the field worker,70,m
3B6C9951-D0C0-4739-BA7E-790EB3841C28,51278,Perpendicular distance from transect line as reported by the field worker,37,m
28120966-7CD2-4ED7-855B-7973E1E057AF,76402,Perpendicular distance from transect line as reported by the field worker,101,m
B5C667D5-A972-4682-8EA3-798472F2199D,87475,Perpendicular distance from transect line as reported by the field worker,32,m
27490F59-D08F-422A-BB19-7AC81CD21794,76449,Perpendicular distance from transect line as reported by the field worker,114,m
CFCFC498-E778-4620-9976-7B289E62D348,67292,Perpendicular distance from transect line as reported by the field worker,186,m
AD0D3438-C63E-4AE8-8847-7B6F763FBD61,40052,Perpendicular distance from transect line as reported by the field worker,18,m
4E970F6C-F9CF-4D67-8159-7B8D4A7B07BA,76949,Perpendicular distance from transect line as reported by the field worker,39,m
725DC323-3E16-4A98-A894-7B9256643C61,49383,Perpendicular distance from transect line as reported by the field worker,51,m
56768224-373F-4CB9-B6B8-7BD95CEEB197,67278,Perpendicular distance from transect line as reported by the field worker,49,m
F805003A-629B-4802-8DBB-7CEA4384EB74,68172,Perpendicular distance from transect line as reported by the field worker,43,m
562C2ECA-DF90-46A0-9E68-7DE0C9AA2E03,76706,Perpendicular distance from transect line as reported by the field worker,140,m
C464ED86-EDC7-4399-AFDC-7E1E7D4DACAD,32442,Perpendicular distance from transect line as reported by the field worker,131,m
D47591C6-02C6-4649-9B48-7EDDCB7E5C9A,91344,Perpendicular distance from transect line as reported by the field worker,5,m
F27E08EE-150D-455D-8B58-7F0DF9265944,76773,Perpendicular distance from transect line as reported by the field worker,43,m
604DDDF4-D52F-4DD3-B1D4-8039FDD2FB70,76770,Perpendicular distance from transect line as reported by the field worker,46,m
154D8AAD-9669-43B7-9F84-80CACE15C5CD,31899,Perpendicular distance from transect line as reported by the field worker,49,m
F6C7D928-2052-4CF9-B7A4-816C4C1E63A4,67250,Perpendicular distance from transect line as reported by the field worker,40,m
59325F30-C127-4936-96DC-825F8EA7512F,67279,Perpendicular distance from transect line as reported by the field worker,3,m
73A9B619-ABBD-408C-8943-826C718D89E3,48858,Perpendicular distance from transect line as reported by the field worker,69,m
34F00E51-5E41-49F3-915E-8271951846AE,67294,Perpendicular distance from transect line as reported by the field worker,32,m
68E9E7CF-C697-40DB-A68D-8282AE943019,48722,Perpendicular distance from transect line as reported by the field worker,87,m
6EA7C4DA-9660-44BD-AC6B-82F9E1D71B08,91343,Perpendicular distance from transect line as reported by the field worker,49,m
EA7498E5-7948-4475-9A18-836BB414DFA2,40075,Perpendicular distance from transect line as reported by the field worker,9,m
55CC840A-B2F3-42E2-B5A2-8440ABC04D10,76951,Perpendicular distance from transect line as reported by the field worker,58,m
6EED5805-1CEF-48B3-A8AC-848E4DDC3332,91347,Perpendicular distance from transect line as reported by the field worker,61,m
126AACE9-B1B9-4CAC-A0CC-8520128D41FB,49389,Perpendicular distance from transect line as reported by the field worker,60,m
36E935EF-C457-41CF-970A-865ED3431E77,67297,Perpendicular distance from transect line as reported by the field worker,27,m
470F0F63-54C8-40D9-BAE5-8723F9B92630,36069,Perpendicular distance from transect line as reported by the field worker,30,m
B5E2DE94-B506-4A42-AC74-872C3BEB5F35,40071,Perpendicular distance from transect line as reported by the field worker,6,m
72B43788-CEA7-4F52-8682-87C8265F7152,51269,Perpendicular distance from transect line as reported by the field worker,230,m
5FA01F61-DB6F-4862-A0DF-87D39ED600C1,84922,Perpendicular distance from transect line as reported by the field worker,33,m
B85577B9-8669-410D-99E5-87FC46FFE3EB,40072,Perpendicular distance from transect line as reported by the field worker,55,m
A9913085-9F99-4DC8-86A5-884072317ED6,67237,Perpendicular distance from transect line as reported by the field worker,100,m
E7F28219-6D7A-4AA2-976F-88B6B14BDC37,86343,Perpendicular distance from transect line as reported by the field worker,290,m
5B7B22F2-8B57-4042-9F41-8A5CBB18AF9F,67303,Perpendicular distance from transect line as reported by the field worker,2,m
DC6D1FC3-47AF-49AB-9F13-8A5D73E97A65,84921,Perpendicular distance from transect line as reported by the field worker,25,m
2C2418F4-23CB-40E8-A0BD-8A840D140DA4,76695,Perpendicular distance from transect line as reported by the field worker,16,m
43D6CD35-32D3-4C5E-9C4D-8A8A1BCA61CB,32441,Perpendicular distance from transect line as reported by the field worker,24,m
E52EA619-807E-47AD-B977-8B29E27C5986,67241,Perpendicular distance from transect line as reported by the field worker,58,m
28307782-64A1-45BE-963A-8C23473BCF57,87605,Perpendicular distance from transect line as reported by the field worker,94,m
B86F71AB-378B-445F-B588-8D36BFEC5AEE,76698,Perpendicular distance from transect line as reported by the field worker,4,m
2F4EB1A2-401B-4FFB-9C5D-8D5FA9EF22E1,49332,Perpendicular distance from transect line as reported by the field worker,15,m
898ED5FE-C93C-421A-BFFB-8E6A29459046,67277,Perpendicular distance from transect line as reported by the field worker,174,m
26B14088-2359-4510-A9F7-8E80154C6FA8,48732,Perpendicular distance from transect line as reported by the field worker,171,m
1BE2585D-5C31-430F-AF4D-8F23BC2FC984,48737,Perpendicular distance from transect line as reported by the field worker,48,m
0EE15885-DC06-41EA-A749-8F39B76F987F,36158,Perpendicular distance from transect line as reported by the field worker,0,m
66046557-08CF-4C29-AC7D-8F48DFADC123,67296,Perpendicular distance from transect line as reported by the field worker,55,m
F1CD1A42-5621-4DB3-9F78-8F8BB3523AB8,51271,Perpendicular distance from transect line as reported by the field worker,12,m
0BCE9FB1-30B4-49AA-A2E5-91B7B81D54DE,76710,Perpendicular distance from transect line as reported by the field worker,28,m
1BC90497-3634-4259-94C8-91D5CD7E0110,48751,Perpendicular distance from transect line as reported by the field worker,121,m
BAF847BB-0A34-4C70-861D-91F7E67F4B53,76953,Perpendicular distance from transect line as reported by the field worker,21,m
EB145125-31E9-443C-A823-925680EB7D6E,76701,Perpendicular distance from transect line as reported by the field worker,93,m
F04364BB-8B87-49FE-BFA9-949BFBF93427,76453,Perpendicular distance from transect line as reported by the field worker,1,m
67CA9A2D-7B81-4EFD-8819-94F8AD843026,67321,Perpendicular distance from transect line as reported by the field worker,20,m
C337069F-788B-4848-BCD4-954F2F32BBAC,67229,Perpendicular distance from transect line as reported by the field worker,96,m
953B9AB8-8EBA-4480-B019-9570259BE7BC,90028,Perpendicular distance from transect line as reported by the field worker,251,m
69A0AB43-A520-4A16-984D-961030DEE12F,76451,Perpendicular distance from transect line as reported by the field worker,140,m
66786018-803F-4082-BD15-96E0A99115AB,67327,Perpendicular distance from transect line as reported by the field worker,152,m
E0041AA9-9C9B-4D67-914F-96F1AA9AFDB0,32868,Perpendicular distance from transect line as reported by the field worker,3,m
0673FA6A-443E-4B76-B4DA-9772B0156365,69835,Perpendicular distance from transect line as reported by the field worker,86,m
A765EB1D-6224-4364-AE5C-9785B16C04D4,40081,Perpendicular distance from transect line as reported by the field worker,52,m
081F9EC2-BA9B-4757-BF27-97AF62428921,36075,Perpendicular distance from transect line as reported by the field worker,15,m
9B95CFF4-90F3-4BEE-BF5B-98A84D9383FB,77292,Perpendicular distance from transect line as reported by the field worker,66,m
1FCE02DD-5467-48AF-AEFF-98CEC3822456,76955,Perpendicular distance from transect line as reported by the field worker,227,m
F58B9152-6878-47A1-BFBC-991F889B6A6D,91355,Perpendicular distance from transect line as reported by the field worker,24,m
8C26AD06-F96C-4B6F-80EA-9A032E832A39,48855,Perpendicular distance from transect line as reported by the field worker,66,m
10C85A6B-ACED-4E9E-B469-9A097DF961A5,87606,Perpendicular distance from transect line as reported by the field worker,13,m
14C5FF82-6B1B-45BB-AEE8-9B4CB630F148,67325,Perpendicular distance from transect line as reported by the field worker,147,m
86680525-1E85-492B-8DD4-9CD842281AF7,36081,Perpendicular distance from transect line as reported by the field worker,232,m
138A3EF4-AC39-4B90-B79E-9D38026AEBC5,69837,Perpendicular distance from transect line as reported by the field worker,196,m
72B93F45-5CEB-4DAD-8923-9DA411A48A09,76684,Perpendicular distance from transect line as reported by the field worker,222,m
A4582766-FC4C-47F0-BA77-9E0DE4E00F52,48731,Perpendicular distance from transect line as reported by the field worker,30,m
037AEBD5-3B93-42F5-97DF-9E155588509E,68176,Perpendicular distance from transect line as reported by the field worker,18,m
790A620D-E7A6-4CEA-BC9A-9E6DE71E004D,76725,Perpendicular distance from transect line as reported by the field worker,94,m
BB38C425-D86D-42B7-A2C0-9FD55A4AD075,51268,Perpendicular distance from transect line as reported by the field worker,56,m
4F68075C-86A2-4226-880B-A01437EC1FBD,67293,Perpendicular distance from transect line as reported by the field worker,23,m
AE536051-DFE1-4812-B6A2-A037E4B79561,91752,Perpendicular distance from transect line as reported by the field worker,20,m
A2EDE320-B991-4E91-A000-A04AF4840A42,32443,Perpendicular distance from transect line as reported by the field worker,89,m
5F41B9D4-BAFE-4054-B948-A129BA9269B2,76681,Perpendicular distance from transect line as reported by the field worker,104,m
7C98EE44-3072-4A99-A0A3-A1A9D60A2ECF,83131,Perpendicular distance from transect line as reported by the field worker,33,m
53B0C307-119A-4CCB-88E4-A242D3774B99,40082,Perpendicular distance from transect line as reported by the field worker,34,m
7ADD34BB-1EDA-4FC3-8261-A2B6437DBAE9,49386,Perpendicular distance from transect line as reported by the field worker,18,m
C3FB3B22-A404-4F6A-A1E2-A35515EE5F6B,40061,Perpendicular distance from transect line as reported by the field worker,18,m
F3D5D7DB-4E34-496F-81F6-A4BAB106C56F,32904,Perpendicular distance from transect line as reported by the field worker,66,m
E8167DB0-3CA5-4A0C-9E90-A4C7F772642C,79708,Perpendicular distance from transect line as reported by the field worker,148,m
D37FCE8F-014F-438C-9CB9-A4E56A1502C5,31913,Perpendicular distance from transect line as reported by the field worker,56,m
5757B86C-36AA-4633-95E4-A59677D1B45F,32869,Perpendicular distance from transect line as reported by the field worker,10,m
109EFFCD-1818-4683-BC67-A68DDAF41A1B,48726,Perpendicular distance from transect line as reported by the field worker,25,m
DD57AE39-E877-46F4-8BE1-A71BAE3F2C6E,91351,Perpendicular distance from transect line as reported by the field worker,14,m
6B0C8E99-EB1B-4E79-860E-A75722C5F7B8,67253,Perpendicular distance from transect line as reported by the field worker,40,m
CFF60E45-CC44-42E2-855F-A8276A18C7AF,48728,Perpendicular distance from transect line as reported by the field worker,2,m
82CDDC6C-A37A-4C30-80C5-A8A36DEB5704,67247,Perpendicular distance from transect line as reported by the field worker,4,m
74B1620C-F22C-4559-87BA-A970A879C687,67290,Perpendicular distance from transect line as reported by the field worker,144,m
65076F1B-3400-46F6-97F1-A98701724914,67245,Perpendicular distance from transect line as reported by the field worker,42,m
E74F3BC1-BECA-426C-A697-A98A6425F1D1,51280,Perpendicular distance from transect line as reported by the field worker,102,m
EFE89F50-0E8D-44EA-B592-AACC588DAB46,76359,Perpendicular distance from transect line as reported by the field worker,2,m
96256A8D-3951-4DB3-934C-ADEE36D04151,76364,Perpendicular distance from transect line as reported by the field worker,185,m
FC01A0AC-BD7C-4FB3-BCF2-ADF048B2B053,80147,Perpendicular distance from transect line as reported by the field worker,57,m
8B204901-F4EE-4044-AD34-AE43BFE5083F,67289,Perpendicular distance from transect line as reported by the field worker,26,m
B09AA5DA-EBD5-415B-B666-AEBFF8AF2477,76708,Perpendicular distance from transect line as reported by the field worker,170,m
C337387E-8489-4200-A0CA-AEFEB972BE81,49381,Perpendicular distance from transect line as reported by the field worker,117,m
841636EB-372C-4A21-B8FA-AF236B56E4A1,31889,Perpendicular distance from transect line as reported by the field worker,22,m
E623C945-8B19-43F3-AB9C-AF838184B033,76355,Perpendicular distance from transect line as reported by the field worker,50,m
CED13034-665E-4C1C-9DCD-B1A96D7CCD96,86858,Perpendicular distance from transect line as reported by the field worker,26,m
E3FF7F7F-A8FB-4FF7-9346-B24650283AFA,76452,Perpendicular distance from transect line as reported by the field worker,17,m
C4BC14F9-086E-4C00-9E32-B26A9DD518E9,90029,Perpendicular distance from transect line as reported by the field worker,247,m
EB9951CB-DA60-432D-A57C-B3508092364F,67238,Perpendicular distance from transect line as reported by the field worker,48,m
450ED830-9E3A-4BCA-8B73-B376AF996FE0,48734,Perpendicular distance from transect line as reported by the field worker,25,m
A7264975-F8C2-4FE9-9306-B490D1C2A970,86344,Perpendicular distance from transect line as reported by the field worker,97,m
3973C41C-E892-4868-9512-B5EECA5E18A1,76403,Perpendicular distance from transect line as reported by the field worker,13,m
038A0768-3DD9-473E-ADF8-B5FEB278BF4D,86860,Perpendicular distance from transect line as reported by the field worker,142,m
2051267B-9A0D-4253-A5B2-B73D01DD33C0,87905,Perpendicular distance from transect line as reported by the field worker,5,m
3DB0E50C-D92D-408F-A0E0-B81FA0168CDD,48854,Perpendicular distance from transect line as reported by the field worker,107,m
79A3088F-4F0E-48F0-B515-B8D7C2B3CCA8,32870,Perpendicular distance from transect line as reported by the field worker,74,m
6D35A578-76A3-49F4-8394-B911A3F713A1,48729,Perpendicular distance from transect line as reported by the field worker,4,m
C29E5A77-5624-45CC-98F9-B9EE75D21083,33235,Perpendicular distance from transect line as reported by the field worker,0,m
43ADB375-4DEF-4C58-86CC-BAA4C6CBA811,40063,Perpendicular distance from transect line as reported by the field worker,27,m
CD064DEF-8F31-4B27-B325-BAB54192C1F4,67252,Perpendicular distance from transect line as reported by the field worker,45,m
7AC5B19D-BC17-49A7-A3F6-BAD93F41214A,76682,Perpendicular distance from transect line as reported by the field worker,47,m
133B1E12-9AAD-460F-8098-BB3A890A0CCB,76722,Perpendicular distance from transect line as reported by the field worker,8,m
430A2737-3C22-411F-B781-BB7F0CB277F6,33233,Perpendicular distance from transect line as reported by the field worker,64,m
6EFF4916-235A-49FD-A527-BBD5C3154C1F,32865,Perpendicular distance from transect line as reported by the field worker,27,m
EBD9BBB7-1BC3-4922-9543-BC0FCFC931A9,91755,Perpendicular distance from transect line as reported by the field worker,14,m
B846622B-6133-46FB-919B-BDACFF19317B,67291,Perpendicular distance from transect line as reported by the field worker,9,m
BEF1C736-0B0E-49D9-879C-BFC8A88866D0,76680,Perpendicular distance from transect line as reported by the field worker,56,m
A516EC54-2587-4482-82E1-BFCF2E6AD281,31911,Perpendicular distance from transect line as reported by the field worker,350,m
E2989E72-DC47-4F0E-852C-C0B2D44BA43D,48752,Perpendicular distance from transect line as reported by the field worker,61,m
E4B5ED4E-840B-457F-B1ED-C0CC4E31488D,67575,Perpendicular distance from transect line as reported by the field worker,133,m
937F845D-1E44-486B-BD4A-C0D3C09E0A25,36656,Perpendicular distance from transect line as reported by the field worker,29,m
1A65B755-6066-4F8D-8A98-C0F251ADB641,40080,Perpendicular distance from transect line as reported by the field worker,34,m
A412A51A-A110-4E82-B127-C1309DCFB5E7,87902,Perpendicular distance from transect line as reported by the field worker,137,m
2FA9A46E-E1DB-459E-8FB9-C17F2E7707C6,67300,Perpendicular distance from transect line as reported by the field worker,8,m
90F1E416-6B40-41AF-B349-C1A53D66B933,33216,Perpendicular distance from transect line as reported by the field worker,117,m
FB4F1844-8DB4-4E94-B568-C22D327358CE,76677,Perpendicular distance from transect line as reported by the field worker,23,m
5A3FF72D-8FA3-4C47-8FE6-C236FB08A601,31442,Perpendicular distance from transect line as reported by the field worker,8,m
1069CECA-D4D5-4E7D-BF67-C376D7A7AA80,67256,Perpendicular distance from transect line as reported by the field worker,53,m
027F6304-8ABC-4CD3-90C3-C442ECF92633,86339,Perpendicular distance from transect line as reported by the field worker,19,m
DBB22D74-85E1-4C89-A5A5-C55AA6ACBFFC,67281,Perpendicular distance from transect line as reported by the field worker,33,m
FE230E66-0D9E-4FD6-94C0-C604B9E1ABAC,48687,Perpendicular distance from transect line as reported by the field worker,79,m
75858246-0D15-4D60-B7D9-C7C7667DC232,31897,Perpendicular distance from transect line as reported by the field worker,134,m
ABF5081D-2B14-4444-8894-C7FD08E35D01,31925,Perpendicular distance from transect line as reported by the field worker,23,m
BC266C93-A2D5-42F8-9A92-C889B1818A74,67233,Perpendicular distance from transect line as reported by the field worker,31,m
D700BDF2-30EF-4D81-ABCE-C989439503F8,40085,Perpendicular distance from transect line as reported by the field worker,137,m
CD37D24D-431A-4A0F-BF0F-C9D24054229F,83122,Perpendicular distance from transect line as reported by the field worker,38,m
40BCF911-B699-4E4C-B728-CA0CD5DF697D,48742,Perpendicular distance from transect line as reported by the field worker,46,m
65CF1480-5243-494F-BD19-CB419E3A6F0E,67324,Perpendicular distance from transect line as reported by the field worker,110,m
8008C0BD-B289-473D-85F8-CC1CBC43D9BA,91756,Perpendicular distance from transect line as reported by the field worker,2,m
904BE85D-55F7-43B6-8A03-CC533E1C9D0A,36076,Perpendicular distance from transect line as reported by the field worker,49,m
B8820CDE-F4A9-4A6B-9A09-CCED529B094C,49388,Perpendicular distance from transect line as reported by the field worker,18,m
6425E290-E46C-476B-9E1D-CD40E6DAEB9E,48688,Perpendicular distance from transect line as reported by the field worker,78,m
A7053778-6BCF-4FC5-BBA7-CDEF21C46441,83135,Perpendicular distance from transect line as reported by the field worker,66,m
E9525D45-9C21-445A-B279-CE9108B872C0,76678,Perpendicular distance from transect line as reported by the field worker,26,m
875C194D-0C8C-4A44-996C-CFB8F5E2F48E,67312,Perpendicular distance from transect line as reported by the field worker,279,m
D4089C11-A4E7-4BE2-BA6F-CFE91C84D0A7,87903,Perpendicular distance from transect line as reported by the field worker,10,m
BCECBCCF-C2F7-4D7F-A6B4-D008C9394678,76960,Perpendicular distance from transect line as reported by the field worker,4,m
761886BC-471C-4482-BBD1-D01D7691FCF8,48684,Perpendicular distance from transect line as reported by the field worker,52,m
76CF8DD2-D459-4674-9F17-D0B70C0D4640,76700,Perpendicular distance from transect line as reported by the field worker,64,m
F58C1A76-D2CC-4EB3-9BA7-D107EB5EAA5D,77293,Perpendicular distance from transect line as reported by the field worker,10,m
0FCD4C6C-CEFA-40A4-99A0-D189D2B0F6C9,76450,Perpendicular distance from transect line as reported by the field worker,107,m
26524F2D-9C4B-4F27-962F-D1C0F648B527,69836,Perpendicular distance from transect line as reported by the field worker,164,m
819B98CB-421D-48A1-BDAC-D1DE07A8E778,36665,Perpendicular distance from transect line as reported by the field worker,2,m
D4C357FE-482F-42B0-B0D3-D2007357B7B0,79707,Perpendicular distance from transect line as reported by the field worker,15,m
4338AC29-8867-4A4D-9252-D31F6EE8D4B1,76692,Perpendicular distance from transect line as reported by the field worker,166,m
FDF78140-9AFD-4842-AC36-D39F4DC3BE35,76699,Perpendicular distance from transect line as reported by the field worker,96,m
602467AD-172A-4196-AC69-D4D5A875F896,67316,Perpendicular distance from transect line as reported by the field worker,78,m
99178DBD-079E-4836-8031-D6312AB06665,40051,Perpendicular distance from transect line as reported by the field worker,105,m
95EFF4E3-3B5F-4D29-BF02-D6FAC067B330,87908,Perpendicular distance from transect line as reported by the field worker,4,m
52E2EC52-6684-4B43-BE41-D736C9880567,91753,Perpendicular distance from transect line as reported by the field worker,87,m
985C33D0-2121-4480-B7BB-D76765D2CE9E,51266,Perpendicular distance from transect line as reported by the field worker,40,m
06528E52-1AB0-4ABD-9D2A-D916F117DD96,76705,Perpendicular distance from transect line as reported by the field worker,137,m
115679DF-DB4A-4155-9201-D92B5BDD05EB,76721,Perpendicular distance from transect line as reported by the field worker,46,m
2F43215B-D268-4BA8-8FFA-D99218317BDE,76956,Perpendicular distance from transect line as reported by the field worker,11,m
AD6A11B2-626F-4E49-8CE1-D9D50614DEE3,91342,Perpendicular distance from transect line as reported by the field worker,55,m
31C11F10-0348-4482-A741-DACB0B096332,68458,Perpendicular distance from transect line as reported by the field worker,52,m
D29893ED-5854-4037-A0DC-DAD3F7AA95F2,67235,Perpendicular distance from transect line as reported by the field worker,8,m
8069CC05-148D-4C74-80A5-DB6E02134761,67227,Perpendicular distance from transect line as reported by the field worker,3,m
5A63DA98-B2B9-4849-BB7A-DCEC49A58125,67234,Perpendicular distance from transect line as reported by the field worker,183,m
BF0F2150-479B-446F-A5D0-DD27A2D43F81,91751,Perpendicular distance from transect line as reported by the field worker,17,m
B0052208-61B5-4B53-A1C4-DDB325E26E11,67323,Perpendicular distance from transect line as reported by the field worker,14,m
8EF92452-C3F0-4A00-8B32-DDD8EF8FD302,76711,Perpendicular distance from transect line as reported by the field worker,28,m
8DA3FC0A-F5C3-48A6-9BDE-DE0F598D6278,70096,Perpendicular distance from transect line as reported by the field worker,94,m
9764029F-6163-4E60-94A7-DF7A0E439300,48856,Perpendicular distance from transect line as reported by the field worker,11,m
CAA5C323-BB10-426A-B762-DFA1CDF41DBD,76959,Perpendicular distance from transect line as reported by the field worker,54,m
F0F0ACB1-45D1-44B7-9C14-E175DB31B24A,36067,Perpendicular distance from transect line as reported by the field worker,132,m
EAE988B2-7F80-4624-A870-E17F80E69DD7,76950,Perpendicular distance from transect line as reported by the field worker,153,m
9CDB7960-D1F2-4D88-8996-E4B777EC941C,67302,Perpendicular distance from transect line as reported by the field worker,221,m
909A41A4-0EA4-43CE-89C5-E5E87934155C,67432,Perpendicular distance from transect line as reported by the field worker,19,m
0CA484C8-9061-4430-83CF-E74E24DD970D,40074,Perpendicular distance from transect line as reported by the field worker,54,m
0E8DC40F-A532-4E2E-94A5-E7F8D83D1558,91352,Perpendicular distance from transect line as reported by the field worker,68,m
0D8FAD0A-0846-4F74-8AC2-E877091FE6AD,40066,Perpendicular distance from transect line as reported by the field worker,68,m
23EB08C0-BF78-49A2-874F-E8E786DF7053,32444,Perpendicular distance from transect line as reported by the field worker,99,m
CEA63E2D-4B2F-4C07-B222-E91E4518406F,67305,Perpendicular distance from transect line as reported by the field worker,89,m
B82A7A7E-9126-47DD-8D97-E9A5A78C125F,48586,Perpendicular distance from transect line as reported by the field worker,4,m
F1A28C9E-6B14-45B8-9919-E9ED6C26B7DB,67314,Perpendicular distance from transect line as reported by the field worker,96,m
F8FB3C50-5D21-43F1-8ACF-EA2DA6268EAE,40060,Perpendicular distance from transect line as reported by the field worker,25,m
2224F0D8-12C6-466C-A7D5-EA3AF38E4627,67239,Perpendicular distance from transect line as reported by the field worker,231,m
0F5A9012-9502-4D2C-B88A-EA5DFACC1761,76696,Perpendicular distance from transect line as reported by the field worker,20,m
07FF1C92-06C1-4879-83CA-EA84A953DFAD,48744,Perpendicular distance from transect line as reported by the field worker,105,m
2AA8B8C5-CBCF-4EAE-9FE3-EB687DE50FBD,32439,Perpendicular distance from transect line as reported by the field worker,18,m
B23F863D-089C-45BD-811C-EE7109C385EA,68178,Perpendicular distance from transect line as reported by the field worker,140,m
1AD42AFD-B6CA-419D-B5D2-EF746FF1A2B7,91345,Perpendicular distance from transect line as reported by the field worker,22,m
2674E6EA-506D-44DB-8D1D-EF90C995C577,49382,Perpendicular distance from transect line as reported by the field worker,44,m
E5D81F26-9BB2-497F-B749-EFDB2718976F,36082,Perpendicular distance from transect line as reported by the field worker,160,m
08005891-916A-454E-9BD1-F02145844BEF,67226,Perpendicular distance from transect line as reported by the field worker,11,m
1A6C9D7A-2D5F-43D8-9C0A-F122CB0F1820,48727,Perpendicular distance from transect line as reported by the field worker,36,m
6EA22CDC-4D40-4824-AA75-F2F8B9730A2D,83140,Perpendicular distance from transect line as reported by the field worker,26,m
44ED7B97-2F94-4F32-9FBA-F36676203B6E,48686,Perpendicular distance from transect line as reported by the field worker,77,m
AB7F5437-94EA-4F56-ACE7-F50A25E62CE0,49392,Perpendicular distance from transect line as reported by the field worker,60,m
CF088B08-E2ED-42EB-BF28-F5ED335B75D2,36156,Perpendicular distance from transect line as reported by the field worker,100,m
DFEE4147-844C-41FE-9DAA-F644E5D31104,76562,Perpendicular distance from transect line as reported by the field worker,4,m
88C9A02B-92D4-4195-B3AD-F697178F2560,49391,Perpendicular distance from transect line as reported by the field worker,38,m
34248B69-B74E-4691-9CCA-F69E63682E4C,70529,Perpendicular distance from transect line as reported by the field worker,284,m
729C1D98-57C8-4165-AB66-F6C4AA287538,40053,Perpendicular distance from transect line as reported by the field worker,6,m
55784299-1423-4F84-86C7-F7B911442A96,70094,Perpendicular distance from transect line as reported by the field worker,54,m
826211F3-1EF0-4536-85C3-F94B87D41CCB,48588,Perpendicular distance from transect line as reported by the field worker,55,m
C0DCBD16-80D0-4416-A32C-F9A1007A9E05,76366,Perpendicular distance from transect line as reported by the field worker,14,m
A7A82E7E-7845-4810-A16F-F9DEDFBD69CD,67313,Perpendicular distance from transect line as reported by the field worker,172,m
B45957AD-3875-451A-ACA1-F9E728DF8FC1,51281,Perpendicular distance from transect line as reported by the field worker,4,m
7E230E44-2D0A-4CFD-855A-FA19A0FD24DD,76704,Perpendicular distance from transect line as reported by the field worker,125,m
08E93EBA-45C8-4C4D-8DAB-FE5798C79DAE,76709,Perpendicular distance from transect line as reported by the field worker,47,m
FA17ABC4-7B7F-4419-9F63-FEA2E537D37C,48750,Perpendicular distance from transect line as reported by the field worker,171,m
97FF8929-E237-40C9-8AC5-FF78D4F3B724,76772,Perpendicular distance from transect line as reported by the field worker,111,m
4679BAA8-DB27-47EC-AD87-FF83EA1BFAA0,48723,Perpendicular distance from transect line as reported by the field worker,124,m
